{"cameraMode":{"drawMode":0,"name":"Shaded","section":"Shading Mode"},"sceneLighting":true,"audioPlay":false,"sceneViewState":{"showFog":false,"showMaterialUpdate":false,"showSkybox":false,"showFlares":false,"showImageEffects":false,"showParticleSystems":false},"in2DMode":false,"pivot":{"x":178.86228942871095,"y":110.68215942382813,"z":-20.2574462890625},"rotation":{"x":-0.2254275530576706,"y":-0.08696722984313965,"z":0.020205795764923097,"w":-0.9701602458953857},"size":465.0010986328125,"orthographic":false}