{"cameraMode":{"drawMode":0,"name":"Shaded","section":"Shading Mode"},"sceneLighting":false,"audioPlay":false,"sceneViewState":{"showFog":true,"showMaterialUpdate":false,"showSkybox":true,"showFlares":true,"showImageEffects":true,"showParticleSystems":true},"in2DMode":false,"pivot":{"x":-3.8031864166259767,"y":-0.09220747649669647,"z":2.3652358055114748},"rotation":{"x":-0.16749471426010133,"y":0.015375708229839802,"z":-0.002618781290948391,"w":-0.9857496619224548},"size":6.038259029388428,"orthographic":false}