{"cameraMode":{"drawMode":0,"name":"Shaded","section":"Shading Mode"},"sceneLighting":false,"audioPlay":false,"sceneViewState":{"showFog":true,"showMaterialUpdate":false,"showSkybox":true,"showFlares":true,"showImageEffects":true,"showParticleSystems":true},"in2DMode":false,"pivot":{"x":-0.10562505573034287,"y":0.38401955366134646,"z":-0.34145283699035647},"rotation":{"x":-0.015306267887353897,"y":-0.01589922048151493,"z":0.00023741663608234376,"w":-0.999756395816803},"size":1.106709599494934,"orthographic":false}