{"cameraMode":{"drawMode":0,"name":"Shaded","section":"Shading Mode"},"sceneLighting":false,"audioPlay":false,"sceneViewState":{"showFog":true,"showMaterialUpdate":false,"showSkybox":true,"showFlares":true,"showImageEffects":true,"showParticleSystems":true},"in2DMode":false,"pivot":{"x":-3.264871120452881,"y":-0.10029567778110504,"z":1.4080760478973389},"rotation":{"x":-0.016747230663895608,"y":0.0844855010509491,"z":-0.0014262968907132745,"w":-0.9962829947471619},"size":5.230652332305908,"orthographic":false}