{"cameraMode":{"drawMode":0,"name":"Shaded","section":"Shading Mode"},"sceneLighting":false,"audioPlay":false,"sceneViewState":{"showFog":true,"showMaterialUpdate":false,"showSkybox":true,"showFlares":true,"showImageEffects":true,"showParticleSystems":true},"in2DMode":false,"pivot":{"x":-15.088998794555664,"y":0.0,"z":14.819999694824219},"rotation":{"x":0.2837182879447937,"y":0.6060402393341065,"z":-0.24508966505527497,"w":0.7015342712402344},"size":68.38192749023438,"orthographic":false}