{"cameraMode":{"drawMode":0,"name":"Shaded","section":"Shading Mode"},"sceneLighting":true,"audioPlay":false,"sceneViewState":{"showFog":true,"showMaterialUpdate":true,"showSkybox":true,"showFlares":true,"showImageEffects":true,"showParticleSystems":true},"in2DMode":false,"pivot":{"x":292.14288330078127,"y":158.67074584960938,"z":-38.87050247192383},"rotation":{"x":0.059314556419849399,"y":-0.0404176339507103,"z":0.0024035447277128698,"w":0.9974179267883301},"size":227.1890106201172,"orthographic":false}