{"cameraMode":{"drawMode":0,"name":"Shaded","section":"Shading Mode"},"sceneLighting":false,"audioPlay":false,"sceneViewState":{"showFog":true,"showMaterialUpdate":false,"showSkybox":true,"showFlares":true,"showImageEffects":true,"showParticleSystems":true},"in2DMode":false,"pivot":{"x":-4.0859222412109379,"y":0.09477066993713379,"z":5.270437240600586},"rotation":{"x":-0.06987997144460678,"y":0.9291283488273621,"z":-0.23359858989715577,"w":-0.27797314524650576},"size":4.085458755493164,"orthographic":false}