{"cameraMode":{"drawMode":0,"name":"Shaded","section":"Shading Mode"},"sceneLighting":false,"audioPlay":false,"sceneViewState":{"showFog":true,"showMaterialUpdate":false,"showSkybox":true,"showFlares":true,"showImageEffects":true,"showParticleSystems":true},"in2DMode":false,"pivot":{"x":-4.906874179840088,"y":-0.3659188151359558,"z":-0.4779629111289978},"rotation":{"x":-0.16749471426010133,"y":0.015375708229839802,"z":-0.002618781290948391,"w":-0.9857496619224548},"size":2.745234251022339,"orthographic":false}