{"cameraMode":{"drawMode":0,"name":"Shaded","section":"Shading Mode"},"sceneLighting":false,"audioPlay":false,"sceneViewState":{"showFog":true,"showMaterialUpdate":false,"showSkybox":true,"showFlares":true,"showImageEffects":true,"showParticleSystems":true},"in2DMode":false,"pivot":{"x":-11.841750144958496,"y":-0.24531902372837068,"z":5.124502182006836},"rotation":{"x":-0.002470658626407385,"y":-0.9912797808647156,"z":0.13041280210018159,"w":-0.018729902803897859},"size":1.364914059638977,"orthographic":false}