{"cameraMode":{"drawMode":0,"name":"Shaded","section":"Shading Mode"},"sceneLighting":false,"audioPlay":false,"sceneViewState":{"showFog":true,"showMaterialUpdate":false,"showSkybox":true,"showFlares":true,"showImageEffects":true,"showParticleSystems":true},"in2DMode":false,"pivot":{"x":-3.746725559234619,"y":1.3475391864776612,"z":1.6302577257156373},"rotation":{"x":0.13616305589675904,"y":-0.1553565263748169,"z":0.02162553369998932,"w":0.9781903624534607},"size":5.695690155029297,"orthographic":false}