{"cameraMode":{"drawMode":0,"name":"Shaded","section":"Shading Mode"},"sceneLighting":false,"audioPlay":false,"sceneViewState":{"showFog":true,"showMaterialUpdate":false,"showSkybox":true,"showFlares":true,"showImageEffects":true,"showParticleSystems":true},"in2DMode":false,"pivot":{"x":-2.980569362640381,"y":1.3327966928482056,"z":-0.013448119163513184},"rotation":{"x":0.22448576986789704,"y":-0.056973814964294437,"z":0.013148565776646138,"w":0.9727215766906738},"size":6.029999732971191,"orthographic":false}