{"cameraMode":{"drawMode":0,"name":"Shaded","section":"Shading Mode"},"sceneLighting":false,"audioPlay":false,"sceneViewState":{"showFog":true,"showMaterialUpdate":false,"showSkybox":true,"showFlares":true,"showImageEffects":true,"showParticleSystems":true},"in2DMode":false,"pivot":{"x":-3.746725559234619,"y":1.3475391864776612,"z":1.6302577257156373},"rotation":{"x":0.22448576986789704,"y":-0.056973814964294437,"z":0.013148565776646138,"w":0.9727215766906738},"size":5.695690155029297,"orthographic":false}