{"cameraMode":{"drawMode":0,"name":"Shaded","section":"Shading Mode"},"sceneLighting":false,"audioPlay":false,"sceneViewState":{"showFog":true,"showMaterialUpdate":false,"showSkybox":true,"showFlares":true,"showImageEffects":true,"showParticleSystems":true},"in2DMode":false,"pivot":{"x":-2.980569362640381,"y":1.3327966928482056,"z":-0.013448119163513184},"rotation":{"x":0.13616305589675904,"y":-0.1553565263748169,"z":0.02162553369998932,"w":0.9781903624534607},"size":6.029999732971191,"orthographic":false}