{"cameraMode":{"drawMode":0,"name":"Shaded","section":"Shading Mode"},"sceneLighting":false,"audioPlay":false,"sceneViewState":{"showFog":false,"showMaterialUpdate":false,"showSkybox":false,"showFlares":false,"showImageEffects":false,"showParticleSystems":true},"in2DMode":false,"pivot":{"x":1.8532745838165284,"y":2.0675392150878908,"z":6.390257835388184},"rotation":{"x":0.03239026665687561,"y":0.34334516525268557,"z":0.011860746890306473,"w":-0.9385756850242615},"size":5.695688724517822,"orthographic":false}