{"cameraMode":{"drawMode":0,"name":"Shaded","section":"Shading Mode"},"sceneLighting":false,"audioPlay":false,"sceneViewState":{"showFog":false,"showMaterialUpdate":false,"showSkybox":false,"showFlares":false,"showImageEffects":false,"showParticleSystems":true},"in2DMode":false,"pivot":{"x":0.12722039222717286,"y":-0.14349782466888429,"z":0.4057788848876953},"rotation":{"x":-0.10925260186195374,"y":0.22866109013557435,"z":-0.025822477415204049,"w":-0.9670115113258362},"size":6.329999923706055,"orthographic":false}