{"cameraMode":{"drawMode":0,"name":"Shaded","section":"Shading Mode"},"sceneLighting":true,"audioPlay":false,"sceneViewState":{"showFog":true,"showMaterialUpdate":false,"showSkybox":true,"showFlares":true,"showImageEffects":true,"showParticleSystems":true},"in2DMode":false,"pivot":{"x":-0.08588385581970215,"y":1.0426511764526368,"z":0.9509410858154297},"rotation":{"x":-0.11064587533473969,"y":0.3237856328487396,"z":-0.03815839812159538,"w":-0.9388633370399475},"size":4.807394981384277,"orthographic":false}