{"cameraMode":{"drawMode":0,"name":"Shaded","section":"Shading Mode"},"sceneLighting":false,"audioPlay":false,"sceneViewState":{"showFog":true,"showMaterialUpdate":false,"showSkybox":true,"showFlares":true,"showImageEffects":true,"showParticleSystems":true},"in2DMode":false,"pivot":{"x":-2.980569362640381,"y":1.3327966928482056,"z":-0.013448119163513184},"rotation":{"x":-0.10721027851104737,"y":0.7701844573020935,"z":-0.13443821668624879,"w":-0.6142054200172424},"size":6.029999732971191,"orthographic":false}