{"cameraMode":{"drawMode":0,"name":"Shaded","section":"Shading Mode"},"sceneLighting":false,"audioPlay":false,"sceneViewState":{"showFog":true,"showMaterialUpdate":false,"showSkybox":true,"showFlares":true,"showImageEffects":true,"showParticleSystems":true},"in2DMode":false,"pivot":{"x":1.8532745838165284,"y":2.0675392150878908,"z":6.390257835388184},"rotation":{"x":-0.17080549895763398,"y":0.09737151116132736,"z":-0.016965217888355256,"w":-0.9803349375724793},"size":5.695688724517822,"orthographic":false}