{"cameraMode":{"drawMode":0,"name":"Shaded","section":"Shading Mode"},"sceneLighting":false,"audioPlay":false,"sceneViewState":{"showFog":true,"showMaterialUpdate":false,"showSkybox":true,"showFlares":true,"showImageEffects":true,"showParticleSystems":true},"in2DMode":false,"pivot":{"x":-3.540057897567749,"y":2.8428945541381838,"z":6.167074680328369},"rotation":{"x":0.21801477670669557,"y":-0.6456524729728699,"z":0.199943408370018,"w":0.7040064334869385},"size":6.027829647064209,"orthographic":false}