{"cameraMode":{"drawMode":0,"name":"Shaded","section":"Shading Mode"},"sceneLighting":false,"audioPlay":false,"sceneViewState":{"showFog":true,"showMaterialUpdate":false,"showSkybox":true,"showFlares":true,"showImageEffects":true,"showParticleSystems":true},"in2DMode":false,"pivot":{"x":-2.4167022705078127,"y":3.2856225967407228,"z":25.034704208374025},"rotation":{"x":-0.18657316267490388,"y":0.7452496886253357,"z":-0.23323862254619599,"w":-0.5961485505104065},"size":19.27910804748535,"orthographic":false}