{"cameraMode":{"drawMode":0,"name":"Shaded","section":"Shading Mode"},"sceneLighting":false,"audioPlay":false,"sceneViewState":{"showFog":true,"showMaterialUpdate":false,"showSkybox":true,"showFlares":true,"showImageEffects":true,"showParticleSystems":true},"in2DMode":false,"pivot":{"x":-11.776836395263672,"y":-8.229514122009278,"z":-3.6100003719329836},"rotation":{"x":0.3088947832584381,"y":-0.36346960067749026,"z":0.12914443016052247,"w":0.8693650960922241},"size":74.43264770507813,"orthographic":false}