{"cameraMode":{"drawMode":0,"name":"Shaded","section":"Shading Mode"},"sceneLighting":false,"audioPlay":false,"sceneViewState":{"showFog":true,"showMaterialUpdate":false,"showSkybox":true,"showFlares":true,"showImageEffects":true,"showParticleSystems":true},"in2DMode":false,"pivot":{"x":6.579999923706055,"y":0.34999996423721316,"z":0.26200002431869509},"rotation":{"x":0.10614672303199768,"y":-0.36359545588493349,"z":0.041745495051145557,"w":0.9245477914810181},"size":7.47433614730835,"orthographic":false}