{"cameraMode":{"drawMode":0,"name":"Shaded","section":"Shading Mode"},"sceneLighting":false,"audioPlay":false,"sceneViewState":{"showFog":true,"showMaterialUpdate":false,"showSkybox":true,"showFlares":true,"showImageEffects":true,"showParticleSystems":true},"in2DMode":false,"pivot":{"x":4.9871416091918949,"y":4.798718452453613,"z":6.031602382659912},"rotation":{"x":0.1978629231452942,"y":0.6320201754570007,"z":-0.1714499294757843,"w":0.7293872237205505},"size":7.03378438949585,"orthographic":false}