{"cameraMode":{"drawMode":0,"name":"Shaded","section":"Shading Mode"},"sceneLighting":true,"audioPlay":false,"sceneViewState":{"showFog":true,"showMaterialUpdate":false,"showSkybox":true,"showFlares":true,"showImageEffects":true,"showParticleSystems":true},"in2DMode":false,"pivot":{"x":0.44160693883895876,"y":2.208953857421875,"z":-6.530057430267334},"rotation":{"x":0.23771443963050843,"y":-0.24731698632240296,"z":0.06272854655981064,"w":0.9372254014015198},"size":6.964644432067871,"orthographic":false}