{"cameraMode":{"drawMode":0,"name":"Shaded","section":"Shading Mode"},"sceneLighting":true,"audioPlay":false,"sceneViewState":{"showFog":true,"showMaterialUpdate":false,"showSkybox":true,"showFlares":true,"showImageEffects":true,"showParticleSystems":true},"in2DMode":false,"pivot":{"x":10.0214262008667,"y":0.2148275375366211,"z":6.233619689941406},"rotation":{"x":-0.10043168067932129,"y":-0.1807532012462616,"z":0.018557963892817498,"w":-0.9782113432884216},"size":5.695874214172363,"orthographic":false}